Date,Type,Amount
1/23/13,Groceries,7.61
1/19/13,Groceries,3.90
1/16/13,Groceries,28.06
1/13/13,Groceries,1.92
1/12/13,Groceries,1.99
1/12/13,Groceries,49.75
1/12/13,lunch out,18.00
1/10/13,Groceries,16.28
1/10/13,dinner out,4.00
1/7/13,lunch out,8.00
3/31/13,Groceries,23.34
3/30/13,Groceries,39.65
3/30/13,Groceries,9.00
3/30/13,Groceries,50.00
3/29/13,Groceries,76.21
3/24/13,Groceries,22.02
3/23/13,dinner out,40.00
3/22/13,Groceries,50.57
3/22/13,Groceries,14.64
3/20/13,gift,11.97
3/15/13,Groceries,77.29
3/13/13,Groceries,20.50
3/13/13,lunch out,7.50
3/12/13,Groceries,32.03
3/10/13,Groceries,27.20
3/9/13,lunch out,7.00
3/7/13,lunch out,8.00
3/6/13,Groceries,6.36
3/5/13,Groceries,6.48
3/4/13,lunch out,8.00
4/29/13,Groceries,15.50
4/26/13,dinner out,10.00
4/24/13,Groceries,27.93
4/23/13,Groceries,10.00
4/21/13,lunch out,17.00
4/20/13,Groceries,56.10
4/19/13,Groceries,15.35
4/17/13,Groceries,5.83
4/17/13,Groceries,6.38
4/17/13,Groceries,35.11
4/12/13,dinner out,18.00
4/11/13,Groceries,54.50
4/6/13,Groceries,28.15
4/6/13,dinner out,29.00
4/5/13,Groceries,10.00
4/3/13,Groceries,17.15
4/2/13,Groceries,6.99
5/30/13,lunch out,8.00
5/26/13,Groceries,39.27
5/24/13,lunch out,6.79
5/24/13,lunch out,3.45
5/21/13,Groceries,33.60
5/19/13,Groceries,31.19
5/18/13,dinner out,15.00
5/16/13,dinner out,13.00
5/14/13,Groceries,1.04
5/12/13,Groceries,24.05
5/11/13,Groceries,6.75
5/10/13,Groceries,21.95
5/9/13,Groceries,3.00
5/8/13,Groceries,31.00
5/6/13,Groceries,10.11
5/4/13,Groceries,46.40
5/4/13,dinner out,20.00
5/2/13,Groceries,13.00
6/29/13,Groceries,2.79
6/27/13,Groceries,41.00
6/25/13,Groceries,10.42
6/19/13,dinner out,20.00
6/18/13,Groceries,46.84
6/15/13,Groceries,4.28
6/10/13,Groceries,39.32
6/9/13,Groceries,2.00
6/8/13,dinner out,15.00
6/8/13,Snack out,10.00
6/7/13,Groceries,5.58
6/7/13,Groceries,3.00
6/6/13,dinner out,8.00
6/5/13,Groceries,17.35
6/3/13,dinner out,15.00
7/29/13,Groceries,15.44
7/28/13,Groceries,8.27
7/28/13,Groceries,36.40
7/27/13,Groceries,10.00
7/25/13,dinner out,17.00
7/23/13,Groceries,9.87
7/20/13,Groceries,49.13
7/18/13,Groceries,2.22
7/18/13,Groceries,4.50
7/16/13,Groceries,12.00
7/13/13,Groceries,28.64
7/7/13,Groceries,5.20
7/7/13,dinner out,6.00
7/5/13,Groceries,30.13
7/4/13,Groceries,39.64
7/2/13,Groceries,32.34
7/1/13,Groceries,33.80
7/1/13,Groceries,4.50
8/31/13,Groceries,30.25
8/31/13,lunch out,17.00
8/30/13,Groceries,24.53
8/30/13,Groceries,5.29
8/26/13,Groceries,13.68
8/24/13,Groceries,28.86
8/23/13,Groceries,10.50
8/23/13,Groceries,4.39
8/22/13,Groceries,37.14
8/21/13,Groceries,9.75
8/17/13,Coffee and tip,1.75
8/17/13,Groceries,4.99
8/16/13,Groceries,39.00
8/15/13,Groceries,21.41
8/13/13,Groceries,17.45
8/13/13,dinner out,11.00
8/12/13,Brunch,12.00
8/11/13,Groceries,9.97
8/10/13,Coffee and tip,1.61
8/10/13,dinner out,20.00
8/8/13,Groceries,11.96
8/6/13,dinner out,20.00
8/4/13,Groceries,43.50
8/3/13,Snack out,4.34
8/3/13,lunch out,8.32
9/29/13,Groceries,43.60
9/28/13,Groceries,14.15
9/27/13,Groceries,26.96
9/25/13,dinner out,15.00
9/23/13,Groceries,46.42
9/22/13,Groceries,41.25
9/18/13,Groceries,35.69
9/13/13,Groceries,31.14
9/13/13,Groceries,17.32
9/12/13,Groceries,7.45
9/8/13,Groceries,21.25
9/7/13,Groceries,35.99
9/7/13,lunch out,11.00
9/7/13,"liquor, wine spirits",37.26
9/5/13,Groceries,32.19
9/3/13,Groceries,8.76
10/31/13,dinner out,4.00
10/29/13,Groceries,24.86
10/26/13,dinner out,12.00
10/24/13,Groceries,34.54
10/24/13,dinner out,3.00
10/23/13,Groceries,23.00
10/23/13,Groceries,23.00
10/22/13,drinks,3.00
10/19/13,dinner out,25.00
10/18/13,dinner out,25.00
10/15/13,dinner out,10.00
10/14/13,Groceries,4.39
10/13/13,Groceries,6.00
10/13/13,Groceries,32.92
10/9/13,Groceries,21.07
10/7/13,Groceries,3.00
10/5/13,dinner out,28.00
10/4/13,Groceries,27.54
10/4/13,lunch out,10.00
11/27/13,Groceries,3.27
11/26/13,Groceries,12.97
11/26/13,Groceries,3.85
11/25/13,lunch out,8.50
11/23/13,Groceries,39.00
11/23/13,"liquor, wine spirits",39.29
11/22/13,Groceries,28.18
11/18/13,Groceries,38.03
11/15/13,Groceries,3.19
11/12/13,Groceries,6.79
11/12/13,Groceries,26.32
11/11/13,Groceries,20.58
11/8/13,dinner out,30.00
11/8/13,lunch out,2.00
11/6/13,Groceries,40.09
11/4/13,Groceries,38.79
12/31/13,Groceries,24.17
12/29/13,lunch out,17.00
12/26/13,lunch out,12.00
12/26/13,Coffee and tip,2.75
12/24/13,lunch out,9.62
12/23/13,Groceries,27.62
12/21/13,dinner out,10.00
12/21/13,Groceries,58.51
12/18/13,Groceries,7.49
12/16/13,Groceries,12.97
12/14/13,Groceries,15.66
12/14/13,Groceries,4.50
12/12/13,Groceries,58.55
12/7/13,Groceries,6.67
12/3/13,Groceries,57.00
12/2/13,Groceries,36.16
1/30/14,Groceries,31.66
1/29/14,dinner out,7.50
1/27/14,Groceries,17.72
1/25/14,lunch out,8.49
1/25/14,Coffee and tip,4.96
1/24/14,dinner out,20.00
1/24/14,breakfast,12.76
1/23/14,breakfast,12.76
1/21/14,dinner out,10.00
1/19/14,Groceries,29.97
1/19/14,dinner out,33.00
1/17/14,Groceries,9.60
1/13/14,Groceries,14.47
1/12/14,Groceries,21.74
1/10/14,dinner out,21.00
1/6/14,Groceries,31.88
1/5/14,wine party,17.00
1/5/14,lunch out,15.00
1/2/14,Groceries,3.78
1/2/14,Groceries,8.00
1/1/14,Groceries,32.46
2/28/14,Groceries,26.94
2/23/14,Groceries,47.29
2/23/14,Groceries,3.37
2/23/14,Snack out,3.16
2/21/14,lunch out,8.50
2/21/14,Groceries,32.78
2/19/14,Groceries,26.48
2/17/14,Groceries,6.97
2/16/14,lunch out,8.17
2/16/14,Snack out,3.00
2/15/14,Groceries,30.01
2/14/14,Groceries,3.00
2/14/14,lunch out,7.00
2/12/14,Groceries,11.69
2/11/14,Groceries,10.17
2/9/14,Groceries,15.95
2/8/14,Groceries,18.74
2/6/14,Groceries,12.87
2/6/14,Groceries,16.87
2/3/14,Groceries,40.26
2/2/14,dinner out,15.00
2/2/14,Groceries,11.00
2/2/14,Groceries,11.85
2/1/14,dinner out,15.00
3/30/14,lunch out,8.62
3/28/14,Groceries,56.48
3/28/14,Groceries,22.91
3/28/14,Groceries,8.68
3/28/14,Groceries,20.65
3/28/14,Groceries,11.34
3/28/14,Groceries,16.52
3/28/14,Groceries,4.31
3/27/14,Groceries,43.40
3/27/14,Groceries,38.73
3/26/14,Groceries,37.47
3/25/14,Groceries,34.07
3/23/14,Groceries,25.07
3/22/14,dinner out,25.00
3/21/14,lunch out,9.50
3/21/14,Groceries,44.01
3/15/14,Groceries,15.52
3/14/14,Groceries,14.78
3/14/14,dinner out,25.00
3/13/14,Groceries,14.50
3/8/14,dinner out,22.00
3/5/14,Groceries,27.55
3/5/14,Groceries,34.00
3/5/14,Groceries,2.38
3/4/14,Groceries,43.11
3/3/14,Groceries,29.31
3/1/14,Groceries,7.87
4/29/14,Groceries,11.87
4/27/14,Groceries,28.34
4/26/14,dinner out,79.00
4/26/14,Groceries,21.55
4/24/14,Groceries,41.00
4/20/14,Groceries,6.00
4/18/14,Groceries,15.58
4/18/14,Groceries,28.95
4/16/14,Groceries,9.10
4/13/14,dinner out,15.00
4/10/14,lunch out,9.50
4/7/14,Groceries,21.26
4/7/14,dinner out,17.00
4/7/14,Groceries,14.90
4/5/14,Groceries,8.50
4/5/14,Groceries,10.37
4/3/14,Snack out,6.00
5/29/14,Groceries,28.46
5/28/14,Groceries,8.00
5/26/14,wine party,33.37
5/26/14,Groceries,8.00
5/26/14,Groceries,1.88
5/26/14,Groceries,12.17
5/25/14,Groceries,17.17
5/24/14,dinner out,20.00
5/23/14,Groceries,9.00
5/22/14,Snack out,2.75
5/19/14,Groceries,8.03
5/19/14,Groceries,28.67
5/18/14,dinner out,15.00
5/16/14,Snack out,5.58
5/14/14,dinner out,13.30
5/13/14,dinner out,14.00
5/12/14,dinner out,10.00
5/11/14,dinner out,50.32
5/9/14,breakfast,30.00
5/4/14,Groceries,23.81
6/30/14,Groceries,14.77
6/29/14,Groceries,17.12
6/28/14,dinner out,25.00
6/27/14,Groceries,23.53
6/26/14,Groceries,36.33
6/26/14,Groceries,12.23
6/22/14,Groceries,44.49
6/21/14,Snack out,1.50
6/16/14,Groceries,13.56
6/16/14,Groceries,7.28
6/16/14,Groceries,9.35
6/15/14,Groceries,16.07
6/15/14,Groceries,27.49
6/14/14,Snack out,8.00
6/12/14,dinner out,36.30
6/11/14,Groceries,15.86
6/9/14,Groceries,10.82
6/8/14,Snack out,4.50
6/8/14,Snack out,4.50
6/5/14,Groceries,13.00
6/5/14,dinner out,13.23
6/4/14,Groceries,16.35
6/2/14,Groceries,34.10
6/2/14,Snack out,5.00
6/2/14,Groceries,8.50
6/1/14,Groceries,37.06
7/31/14,Groceries,15.80
7/31/14,Groceries,8.30
7/30/14,dinner out,45.00
7/29/14,Groceries,15.11
7/29/14,Groceries,3.29
7/28/14,Groceries,20.05
7/28/14,Groceries,20.05
7/26/14,lunch out,16.00
7/25/14,Groceries,22.68
7/17/14,Groceries,7.04
7/17/14,Groceries,9.58
7/16/14,Groceries,4.58
7/15/14,Groceries,0.78
7/11/14,Groceries,22.80
7/7/14,Groceries,12.46
7/7/14,Groceries,12.03
7/5/14,Groceries,7.27
7/3/14,dinner out,14.00
7/2/14,Snack out,1.07
8/31/14,dinner out,11.50
8/30/14,dinner out,12.00
8/29/14,lunch out,8.00
8/29/14,Groceries,55.00
8/28/14,Groceries,18.76
8/24/14,Groceries,12.97
8/22/14,Groceries,33.93
8/20/14,dinner out,8.98
8/19/14,Groceries,38.77
8/17/14,Groceries,4.00
8/15/14,Groceries,7.68
8/15/14,Groceries,29.13
8/14/14,Groceries,8.89
8/14/14,Groceries,43.50
8/13/14,Groceries,5.67
8/12/14,Groceries,15.96
8/12/14,Groceries,5.00
8/12/14,Groceries,5.50
8/11/14,Groceries,19.00
8/9/14,Coffee and tip,2.00
8/8/14,Groceries,9.00
8/5/14,Groceries,12.27
8/5/14,lunch out,8.00
8/4/14,Groceries,6.77
8/4/14,Groceries,26.70
8/3/14,Groceries,33.10
8/2/14,Groceries,19.18
8/2/14,Groceries,12.76
9/30/14,lunch out,9.00
9/24/14,Groceries,19.38
9/24/14,Groceries,35.24
9/24/14,dinner out,40.00
9/22/14,Groceries,20.34
9/20/14,lunch out,16.00
9/20/14,Groceries,3.69
9/17/14,Groceries,37.68
9/15/14,Groceries,16.35
9/15/14,Groceries,5.10
9/13/14,dinner out,10.00
9/13/14,Groceries,22.55
9/11/14,Groceries,25.09
9/6/14,Groceries,17.59
9/5/14,Groceries,7.74
9/4/14,Groceries,21.74
9/3/14,Groceries,6.51
9/2/14,Groceries,33.66
9/1/14,Brunch,10.00
10/29/14,Groceries,4.64
10/26/14,Groceries,20.89
10/26/14,dinner out,40.00
10/24/14,Groceries,14.00
10/23/14,Groceries,7.60
10/23/14,Groceries,22.75
10/17/14,Groceries,8.00
10/16/14,Groceries,21.41
10/15/14,Groceries,16.58
10/15/14,lunch out,4.25
10/14/14,lunch out,9.00
10/10/14,Groceries,10.00
10/8/14,Groceries,4.81
10/5/14,Groceries,12.39
10/4/14,Groceries,29.78
10/4/14,Groceries,7.59
10/3/14,Groceries,11.57
10/3/14,Groceries,20.02
10/2/14,lunch out,9.00
10/1/14,Red Wine,22.49
10/1/14,Groceries,15.92
11/30/14,Groceries,6.40
11/29/14,Groceries,20.56
11/27/14,Groceries,37.30
11/26/14,Groceries,26.33
11/25/14,Groceries,39.21
11/21/14,Groceries,32.40
11/20/14,Groceries,22.66
11/15/14,Groceries,21.96
11/15/14,Groceries,9.88
11/13/14,Groceries,17.07
11/13/14,Groceries,34.35
11/11/14,Groceries,28.63
11/8/14,lunch out,15.00
11/8/14,Coffee and tip,5.60
11/7/14,dinner out,25.00
11/7/14,Coffee and tip,4.00
11/4/14,Groceries,7.87
11/3/14,dinner out,15.00
11/2/14,Groceries,4.89
11/1/14,Groceries,21.07
11/1/14,Groceries,3.78
12/31/14,Groceries,10.00
12/30/14,Groceries,30.00
12/30/14,Groceries,9.38
12/29/14,lunch out,7.00
12/29/14,Groceries,2.10
12/29/14,dinner out,5.00
12/24/14,Coffee and tip,3.35
12/23/14,lunch out,12.00
12/23/14,Coffee and tip,3.00
12/22/14,lunch out,15.00
12/22/14,dinner out,5.00
12/21/14,dinner out,20.00
12/21/14,Groceries,6.00
12/14/14,Groceries,25.08
12/13/14,Groceries,15.67
12/9/14,Groceries,16.66
12/8/14,Groceries,35.52
12/8/14,Groceries,35.52
12/7/14,dinner out,11.00
12/7/14,Coffee and tip,1.09
12/1/14,lunch out,9.00
1/31/15,Groceries,9.00
1/28/15,Groceries,2.50
1/27/15,lunch out,12.00
1/26/15,Groceries,5.33
1/22/15,Groceries,20.00
1/18/15,Groceries,8.48
1/16/15,Groceries,21.64
1/16/15,dinner out,90.00
1/15/15,dinner out,17.50
1/14/15,dinner out,7.00
1/13/15,dinner out,23.00
1/11/15,Groceries,11.37
1/11/15,dinner out,4.38
1/9/15,Groceries,24.13
1/8/15,Groceries,17.00
1/7/15,Groceries,12.87
1/6/15,Red Wine,6.49
1/6/15,lunch out,13.00
1/6/15,Groceries,102.89
1/5/15,dinner out,23.65
1/5/15,lunch out,10.93
1/3/15,Groceries,7.69
1/3/15,Groceries,7.00
1/1/15,dinner out,15.00
2/28/15,Groceries,39.40
2/28/15,dinner out,20.00
2/27/15,Groceries,30.63
2/25/15,Groceries,15.80
2/23/15,Groceries,9.00
2/22/15,Groceries,7.59
2/20/15,dinner out,20.50
2/19/15,Groceries,28.53
2/17/15,Coffee and tip,2.75
2/14/15,Groceries,26.25
2/14/15,Groceries,8.23
2/13/15,Groceries,32.01
2/13/15,Groceries,1.99
2/11/15,Groceries,34.53
2/11/15,Groceries,5.99
2/11/15,Red Wine,12.00
2/10/15,Groceries,12.38
2/10/15,Groceries,3.99
2/9/15,Coffee and tip,2.75
2/7/15,Groceries,34.22
2/6/15,Groceries,18.00
2/5/15,lunch out,8.00
2/3/15,Groceries,6.98
2/2/15,Groceries,46.50
2/2/15,Groceries,1.99
3/28/15,Groceries,4.98
3/28/15,Groceries,31.85
3/28/15,Groceries,13.03
3/28/15,Groceries,21.43
3/28/15,Groceries,20.00
3/28/15,Groceries,4.50
3/27/15,Groceries,12.66
3/27/15,Groceries,36.17
3/23/15,lunch out,9.67
3/21/15,Groceries,0.38
3/21/15,Groceries,20.57
3/21/15,Groceries,38.00
3/20/15,dinner out,14.00
3/16/15,Groceries,14.45
3/15/15,Groceries,12.03
3/14/15,dinner out,15.00
3/14/15,Groceries,35.00
3/11/15,Groceries,26.95
3/10/15,dinner out,14.00
3/9/15,dinner out,15.00
3/8/15,Groceries,12.37
3/6/15,Groceries,19.29
3/5/15,Groceries,21.28
3/5/15,Groceries,23.00
3/2/15,Snack out,6.30
4/30/15,Groceries,30.22
4/29/15,Groceries,4.80
4/28/15,Groceries,3.00
4/28/15,Groceries,2.29
4/26/15,Groceries,6.76
4/25/15,Groceries,52.76
4/24/15,Groceries,39.26
4/23/15,Groceries,2.00
4/22/15,Groceries,9.90
4/20/15,Groceries,6.80
4/19/15,Groceries,26.23
4/19/15,Groceries,7.27
4/18/15,Snack out,5.00
4/16/15,dinner out,6.00
4/13/15,Groceries,14.29
4/12/15,Groceries,19.06
4/11/15,Groceries,19.22
4/11/15,Groceries,4.18
4/7/15,Groceries,26.06
4/5/15,Groceries,9.97
4/4/15,Groceries,17.00
4/4/15,Groceries,29.00
5/31/15,Groceries,25.55
5/24/15,Groceries,27.26
5/23/15,dinner out,20.00
5/23/15,Groceries,12.40
5/17/15,dinner out,10.00
5/17/15,lunch out,17.53
5/16/15,Groceries,21.97
5/15/15,Groceries,4.07
5/13/15,Groceries,6.57
5/9/15,Groceries,24.63
5/8/15,Groceries,17.21
5/6/15,Groceries,6.00
5/6/15,Groceries,22.00
5/5/15,dinner out,7.50
5/4/15,Groceries,11.00
5/3/15,Groceries,6.24
5/1/15,Groceries,8.00
5/1/15,Groceries,26.54
6/30/15,dinner out,20.00
6/28/15,Groceries,27.59
6/26/15,lunch out,6.69
6/24/15,Groceries,23.52
6/24/15,Groceries,1.99
6/22/15,lunch out,15.00
6/21/15,Snack out,8.00
6/21/15,Groceries,11.66
6/19/15,Groceries,17.28
6/16/15,Groceries,3.00
6/13/15,Groceries,8.29
6/10/15,Groceries,35.00
6/9/15,Groceries,12.72
6/8/15,lunch out,18.00
6/7/15,dinner out,25.00
6/6/15,Groceries,10.45
6/5/15,Groceries,26.22
6/1/15,Groceries,12.69
7/31/15,Groceries,7.37
7/30/15,Groceries,8.00
7/25/15,Groceries,3.30
7/25/15,Groceries,9.96
7/25/15,Groceries,9.96
7/23/15,Groceries,21.44
7/23/15,Groceries,31.47
7/22/15,Groceries,3.00
7/22/15,Groceries,16.67
7/22/15,Groceries,9.00
7/20/15,Groceries,4.00
7/20/15,lunch out,8.62
7/20/15,dinner out,25.00
7/19/15,Groceries,10.66
7/17/15,Groceries,29.89
7/14/15,Groceries,2.89
7/13/15,Groceries,36.11
7/11/15,Groceries,6.46
7/11/15,Groceries,4.00
7/11/15,Groceries,2.00
7/9/15,Groceries,32.00
7/8/15,Groceries,16.32
7/7/15,Groceries,25.53
7/5/15,Groceries,13.80
7/4/15,Groceries,25.20
7/3/15,Snack out,6.30
7/1/15,Groceries,30.29
8/29/15,Groceries,14.94
8/28/15,dinner out,33.00
8/26/15,take out,9.00
8/26/15,Groceries,15.00
8/23/15,Groceries,11.76
8/19/15,Groceries,13.00
8/19/15,wine party,11.00
8/19/15,Groceries,18.79
8/18/15,Groceries,11.50
8/14/15,Groceries,20.00
8/14/15,Groceries,8.00
8/12/15,Groceries,16.35
8/12/15,Groceries,17.59
8/10/15,dinner out,8.00
8/10/15,lunch out,4.75
8/10/15,Groceries,12.17
8/8/15,Groceries,22.93
8/3/15,Groceries,24.64
9/30/15,Groceries,34.34
9/29/15,Groceries,2.99
9/29/15,Groceries,9.86
9/29/15,Groceries,4.68
9/29/15,Groceries,6.40
9/26/15,Groceries,32.07
9/25/15,Groceries,2.76
9/25/15,Groceries,5.00
9/25/15,Groceries,7.28
9/24/15,Groceries,2.00
9/24/15,dinner out,12.52
9/23/15,dinner out,30.00
9/22/15,Groceries,10.36
9/21/15,Groceries,2.29
9/19/15,Groceries,23.24
9/18/15,Groceries,2.00
9/16/15,Groceries,43.69
9/15/15,Groceries,13.00
9/14/15,Groceries,22.03
9/14/15,Groceries,34.51
9/12/15,lunch out,8.30
9/10/15,Groceries,47.00
9/7/15,Groceries,7.00
9/7/15,dinner out,11.76
9/6/15,Groceries,20.65
9/1/15,Groceries,13.50
9/1/15,Groceries,11.17
10/30/15,Groceries,18.06
10/29/15,Groceries,21.03
10/29/15,Groceries,4.89
10/27/15,Groceries,28.41
10/21/15,Groceries,11.04
10/21/15,Groceries,51.07
10/19/15,lunch out,9.67
10/18/15,dinner out,6.55
10/15/15,Groceries,15.92
10/14/15,Groceries,9.67
10/13/15,Groceries,8.00
10/13/15,Groceries,2.50
10/8/15,Groceries,31.51
10/6/15,Groceries,9.67
10/4/15,Groceries,2.34
10/1/15,Groceries,2.30
11/30/15,dinner out,15.00
11/29/15,dinner out,35.00
11/28/15,dinner out,30.00
11/27/15,Groceries,14.87
11/25/15,Groceries,45.43
11/22/15,Groceries,9.67
11/21/15,Groceries,38.00
11/19/15,Groceries,18.55
11/18/15,Groceries,16.50
11/15/15,Groceries,24.97
11/14/15,Groceries,19.81
11/12/15,dinner out,3.62
11/11/15,Groceries,4.50
11/7/15,Groceries,21.02
11/6/15,Groceries,30.44
11/4/15,Groceries,36.11
11/3/15,lunch out,4.25
11/3/15,Groceries,19.48
11/3/15,Groceries,27.47
11/2/15,Groceries,7.28
11/1/15,Groceries,30.05
12/30/15,Groceries,26.52
12/26/15,dinner out,26.00
12/26/15,Groceries,9.51
12/24/15,lunch out,15.00
12/19/15,Groceries,7.33
12/18/15,Groceries,18.75
12/13/15,Groceries,4.68
12/11/15,Groceries,29.81
12/9/15,Groceries,26.95
12/6/15,lunch out,5.37
12/5/15,Groceries,4.89
12/4/15,Groceries,33.27
12/3/15,Groceries,23.12
1/31/16,lunch out,40.00
1/29/16,Groceries,10.06
1/28/16,dinner out,30.00
1/27/16,Groceries,5.42
1/20/16,Groceries,12.38
1/17/16,Groceries,18.97
1/16/16,dinner out,84.00
1/15/16,Groceries,5.10
1/13/16,Groceries,10.34
1/13/16,Groceries,4.68
1/11/16,Groceries,9.88
1/10/16,Groceries,24.66
1/5/16,Groceries,22.60
1/4/16,Groceries,14.74
1/2/16,Groceries,5.36
1/2/16,Groceries,26.77
2/29/16,Groceries,42.41
2/27/16,Groceries,10.09
2/26/16,Groceries,30.50
2/22/16,Groceries,9.88
2/20/16,Groceries,29.23
2/19/16,Groceries,23.30
2/18/16,Groceries,7.50
2/16/16,Groceries,38.41
2/16/16,Groceries,18.00
2/11/16,Groceries,27.20
2/5/16,Groceries,4.89
2/5/16,Groceries,26.25
2/3/16,Groceries,26.00
2/3/16,Snack out,16.00
2/3/16,lunch out,13.00
2/2/16,Groceries,23.86
2/2/16,Groceriesf,26.57
3/31/16,Groceries,4.68
3/29/16,Groceries,2.59
3/26/16,Groceries,69.15
3/26/16,Groceries,29.04
3/25/16,Groceries,57.56
3/25/16,Groceries,5.98
3/24/16,Groceries,45.83
3/24/16,Groceries,45.83
3/22/16,Groceries,5.43
3/22/16,Groceries,30.73
3/21/16,Groceries,2.99
3/21/16,Groceries,42.47
3/13/16,Groceries,20.00
3/11/16,Groceries,36.81
3/4/16,Groceries,20.38
3/4/16,lunch out,17.00
3/3/16,Groceries,38.25
3/2/16,Groceries,4.68
4/30/16,Coffee and tip,2.50
4/29/16,dinner out,25.00
4/28/16,Groceries,37.78
4/27/16,Groceries,28.06
4/24/16,Groceries,0.88
4/23/16,Groceries,18.49
4/23/16,Snack out,4.99
4/20/16,Groceries,41.00
4/17/16,Groceries,28.73
4/17/16,Groceries,8.00
4/14/16,Groceries,4.68
4/13/16,Groceries,8.50
4/13/16,Groceries,8.33
4/13/16,Groceries,15.86
4/12/16,Groceries,7.02
4/11/16,Groceries,12.00
4/11/16,Groceries,31.25
4/10/16,Groceries,6.31
4/9/16,Groceries,43.42
4/8/16,Groceries,11.50
4/5/16,lunch out,9.67
4/5/16,Groceries,28.54
4/4/16,lunch out,9.67
4/2/16,Groceries,2.74
5/29/16,Groceries,10.06
5/29/16,Groceries,47.43
5/28/16,Groceries,2.00
5/24/16,Groceries,3.00
5/23/16,Groceries,19.02
5/22/16,Groceries,2.59
5/20/16,Groceries,10.00
5/18/16,Groceries,20.78
5/16/16,Groceries,15.00
5/14/16,Groceries,12.00
5/10/16,Groceries,37.35
5/8/16,Groceries,4.70
5/7/16,Groceries,42.93
5/4/16,Groceries,25.00
5/2/16,Groceries,12.50
5/2/16,Groceries,12.93
5/1/16,Groceries,48.39
6/30/16,Groceries,29.57
6/27/16,Groceries,16.72
6/26/16,Groceries,11.87
6/24/16,Groceries,7.00
6/23/16,Groceries,17.68
6/23/16,Groceries,42.91
6/13/16,Groceries,7.28
6/12/16,Groceries,31.26
6/11/16,Groceries,5.28
6/8/16,Groceries,5.25
6/6/16,Groceries,32.62
6/6/16,lunch out,9.76
6/4/16,Groceries,14.09
6/4/16,Groceries,23.59
6/4/16,dinner out,7.17
6/2/16,Snack out,3.58
7/31/16,Snack out,4.44
7/30/16,lunch out,38.00
7/29/16,Snack out,5.00
7/26/16,Groceries,41.28
7/24/16,Snack out,10.00
7/22/16,lunch out,5.50
7/22/16,Groceries,12.43
7/21/16,Snack out,1.09
7/21/16,Snack out,0.75
7/20/16,Groceries,30.32
7/17/16,dinner out,55.00
7/15/16,Groceries,3.84
7/15/16,Groceries,4.79
7/13/16,Groceries,37.85
7/10/16,Snack out,4.00
7/8/16,Groceries,22.05
7/6/16,dinner out,25.00
7/5/16,Groceries,19.74
7/5/16,Groceries,22.75
7/3/16,Groceries,10.06
7/3/16,Groceries,20.47
7/2/16,dinner out,7.00
7/2/16,dinner out,4.50
7/1/16,Groceries,10.30
7/1/16,Groceries,3.85
8/26/16,Groceries,11.44
8/22/16,Groceries,19.30
8/16/16,Groceries,37.50
8/16/16,Groceries,11.48
8/13/16,Groceries,5.89
8/13/16,Snack out,5.00
8/12/16,Groceries,17.45
8/12/16,Groceries,20.55
8/11/16,Groceries,2.39
8/11/16,dinner out,7.55
8/9/16,Groceries,14.97
8/9/16,Groceries,15.73
8/7/16,Groceries,13.01
8/6/16,Groceries,2.00
8/6/16,dinner out,16.24
8/6/16,Groceries,28.00
9/30/16,Groceries,5.28
9/29/16,Groceries,12.24
9/28/16,Groceries,29.86
9/26/16,lunch out,3.81
9/25/16,Groceries,8.45
9/22/16,Groceries,33.53
9/21/16,Groceries,5.00
9/21/16,lunch out,3.81
9/20/16,Groceries,15.51
9/19/16,lunch out,3.81
9/15/16,Groceries,46.42
9/15/16,Groceries,10.00
9/14/16,Groceries,17.15
9/12/16,lunch out,3.81
9/8/16,dinner out,8.42
9/8/16,dinner out,8.42
9/6/16,Groceries,21.65
9/5/16,Groceries,3.29
9/5/16,Groceries,15.58
9/4/16,Groceries,16.07
9/4/16,Coffee and tip,3.27
9/2/16,Groceries,11.05
9/1/16,dinner out,17.30
9/1/16,Groceries,11.20
10/31/16,Groceries,10.87
10/30/16,Groceries,10.00
10/29/16,Snack out,1.99
10/28/16,Groceries,19.00
10/25/16,Groceries,23.40
10/24/16,dinner out,13.00
10/23/16,Groceries,8.88
10/22/16,Groceries,27.86
10/20/16,Groceries,18.79
10/20/16,Groceries,2.49
10/20/16,Groceries,11.46
10/19/16,lunch out,3.81
10/15/16,dinner out,17.31
10/15/16,Groceries,39.09
10/13/16,Groceries,14.85
10/12/16,Groceries,48.58
10/11/16,lunch out,3.81
10/11/16,Groceries,23.19
10/8/16,Groceries,7.67
10/7/16,Groceries,4.89
10/7/16,breakfast,7.03
10/7/16,Groceries,14.82
10/6/16,Groceries,13.00
10/4/16,breakfast,8.89
10/3/16,Groceries,17.97
11/30/16,Groceries,9.57
11/24/16,booze & red wine,28.29
11/23/16,Groceries,36.40
11/22/16,Groceries,16.20
11/22/16,Groceries,35.60
11/21/16,Groceries,18.17
11/20/16,Groceries,4.00
11/19/16,Groceries,9.67
11/13/16,Groceries,24.50
11/13/16,Groceries,24.50
11/13/16,Groceries,10.00
11/12/16,Groceries,38.31
11/11/16,Groceries,19.55
11/6/16,Groceries,9.67
11/5/16,Groceries,16.14
11/4/16,Groceries,33.82
12/30/16,Groceries,41.02
12/29/16,Groceries,31.81
12/29/16,Groceries,19.60
12/29/16,Groceries,10.50
12/20/16,Groceries,2.00
12/20/16,Groceries,8.88
12/16/16,Groceries,22.88
12/15/16,dinner out,20.00
12/15/16,dinner out,42.00
12/10/16,Groceries,15.95
12/9/16,Groceries,12.46
12/9/16,Groceries,26.50
12/7/16,Groceries,8.58
12/7/16,Groceries,18.88
12/4/16,Groceries,37.14
1/28/17,Snack out,5.74
1/28/17,Coffee and tip,5.74
1/24/17,Groceries,18.95
1/23/17,Groceries,26.18
1/22/17,Groceries,8.38
1/21/17,Snack out,6.50
1/21/17,breakfast,35.00
1/19/17,Groceries,13.00
1/19/17,lunch out,3.81
1/18/17,Groceries,20.12
1/14/17,Groceries,12.83
1/14/17,Groceries,41.14
1/9/17,Groceries,3.54
1/4/17,Groceries,27.16
1/3/17,Groceries,9.88
1/2/17,Groceries,3.80
1/1/17,Groceries,8.23
2/28/17,lunch out,7.53
2/28/17,Groceries,8.07
2/26/17,Groceries,14.75
2/25/17,lunch out,42.20
2/24/17,Groceries,34.87
2/22/17,Groceries,22.22
2/21/17,Groceries,19.74
2/20/17,Groceries,11.42
2/18/17,Snack out,5.00
2/15/17,Groceries,5.85
2/14/17,Groceries,17.81
2/13/17,Groceries,22.48
2/13/17,Groceries,6.88
2/8/17,dinner out,8.00
2/8/17,lunch out,3.81
2/2/17,Groceries,51.00
2/2/17,Groceries,42.58
2/1/17,Groceries,12.68
3/31/17,Groceries,50.08
3/31/17,Groceries,4.69
3/30/17,Groceries,80.44
3/29/17,Groceries,10.70
3/28/17,Groceries,37.30
3/24/17,dinner out,11.39
3/24/17,Groceries,10.36
3/23/17,Groceries,36.26
3/22/17,Groceries,61.08
3/19/17,Groceries,60.77
3/18/17,dinner out,6.30
3/18/17,Snack out,3.24
3/17/17,Snack out,16.96
3/17/17,dinner out,115.00
3/16/17,lunch out,15.00
3/13/17,lunch out,10.60
3/13/17,dinner out,10.76
3/10/17,Groceries,97.08
3/9/17,dinner out,50.00
3/4/17,lunch out,30.00
3/4/17,Groceries,13.76
3/3/17,Groceries,5.00
3/3/17,Coffee and tip,3.31
3/2/17,Coffee and tip,4.36
4/29/17,dinner out,28.00
4/27/17,Groceries,39.05
4/25/17,lunch out,5.43
4/24/17,Groceries,14.43
4/23/17,dinner out,25.00
4/22/17,Groceries,12.28
4/21/17,lunch out,8.50
4/21/17,Groceries,36.86
4/19/17,Groceries,27.84
4/19/17,dinner out,10.00
4/17/17,Groceries,34.29
4/17/17,Groceries,7.35
4/16/17,Snack out,5.67
4/14/17,Groceries,10.39
4/11/17,Groceries,13.66
4/10/17,Groceries,4.49
4/9/17,Brunch,26.23
4/5/17,Groceries,9.98
4/5/17,Groceries,4.00
4/4/17,Groceries,4.00
4/2/17,dinner out,10.00
4/1/17,Groceries,48.60
5/29/17,Groceries,3.39
5/27/17,Groceries,5.69
5/27/17,Groceries,1.99
5/26/17,Groceries,30.96
5/25/17,Groceries,7.78
5/25/17,lunch out,6.51
5/24/17,Groceries,1.19
5/24/17,Groceries,11.36
5/23/17,Groceries,45.89
5/23/17,Groceries,25.46
5/17/17,Groceries,34.46
5/17/17,dinner out,33.13
5/15/17,Groceries,14.31
5/14/17,Brunch,15.75
5/10/17,breakfast,5.54
5/10/17,Groceries,7.93
5/9/17,dinner out,8.00
5/8/17,lunch out,9.85
5/8/17,Coffee and tip,5.00
5/7/17,Groceries,5.00
5/6/17,Groceries,10.00
5/6/17,Groceries,9.14
5/6/17,Groceries,13.26
5/6/17,Brunch,24.00
5/6/17,lunch out,15.00
5/2/17,Groceries,10.00
5/1/17,Groceries,8.16
5/1/17,Groceries,21.56
6/30/17,Groceries,11.78
6/27/17,Groceries,16.95
6/25/17,Groceries,17.92
6/24/17,Groceries,8.27
6/23/17,Groceries,14.72
6/23/17,Groceries,2.22
6/20/17,Groceries,18.92
6/20/17,Groceries,20.43
6/18/17,Snack out,5.50
6/18/17,dinner out,25.00
6/16/17,Groceries,4.79
6/15/17,lunch out,6.51
6/14/17,Groceries,8.58
6/12/17,lunch out,13.25
6/9/17,Groceries,4.07
6/7/17,Groceries,15.68
6/7/17,Groceries,26.48
6/6/17,Groceries,18.00
6/4/17,Groceries,17.26
6/4/17,lunch out,12.44
6/4/17,Groceries,4.24
6/1/17,Groceries,40.83
7/31/17,Groceries,4.68
7/30/17,Groceries,63.04
7/30/17,Groceries,63.04
7/23/17,Groceries,20.14
7/23/17,Groceries,10.00
7/23/17,Snack out,0.54
7/21/17,lunch out,6.51
7/20/17,Groceries,15.00
7/20/17,Groceries,8.00
7/19/17,lunch out,8.95
7/19/17,Coffee and tip,5.00
7/18/17,Groceries,5.00
7/16/17,lunch out,20.00
7/13/17,Groceries,66.18
7/13/17,Groceries,66.18
7/12/17,Groceries,19.11
7/12/17,Groceries,7.04
7/10/17,Groceries,8.00
7/10/17,lunch out,6.51
7/9/17,dinner out,24.00
7/8/17,lunch out,16.00
7/8/17,Groceries,7.46
7/7/17,Groceries,33.59
7/4/17,Groceries,23.16
7/3/17,Snack out,6.00
7/1/17,Groceries,3.49
7/1/17,Groceries,10.55
8/31/17,Groceries,7.64
8/31/17,Groceries,8.98
8/30/17,Snack out,6.89
8/22/17,Snack out,1.40
8/22/17,Groceries,3.39
8/21/17,Groceries,11.46
8/19/17,Groceries,53.91
8/17/17,Groceries,25.92
8/15/17,Groceries,9.83
8/14/17,lunch out,10.76
8/13/17,Groceries,7.30
8/12/17,Groceries,26.45
8/9/17,lunch out,6.51
8/2/17,Groceries,14.97
9/30/17,Groceries,13.24
9/30/17,Snack out,7.50
9/27/17,Groceries,33.87
9/26/17,Groceries,10.12
9/21/17,Groceries,8.05
9/19/17,Groceries,7.89
9/18/17,Groceries,18.92
9/17/17,dinner out,7.00
9/17/17,Groceries,9.98
9/15/17,Groceries,16.12
9/12/17,Groceries,16.50
9/12/17,Groceries,11.62
9/12/17,Groceries,7.47
9/8/17,Groceries,6.42
9/8/17,Groceries,6.53
9/7/17,Groceries,15.65
9/5/17,Groceries,4.86
9/4/17,Groceries,17.96
9/2/17,Groceries,28.98
9/2/17,Groceries,0.90
10/31/17,Groceries,25.42
10/31/17,lunch out,3.26
10/27/17,Groceries,10.26
10/26/17,Groceries,16.16
10/23/17,Groceries,14.27
10/23/17,Groceries,7.72
10/22/17,Snack out,2.53
10/19/17,Groceries,4.68
10/18/17,Groceries,21.56
10/16/17,lunch out,3.26
10/16/17,lunch out,9.60
10/15/17,Groceries,10.96
10/12/17,Groceries,41.88
10/10/17,lunch out,3.26
10/6/17,Groceries,16.61
10/4/17,Groceries,23.18
10/4/17,Groceries,34.60
10/4/17,Groceries,20.00
10/4/17,dinner out,21.55
10/2/17,Groceries,42.23
10/1/17,Groceries,6.36
10/1/17,Groceries,6.30
10/1/17,Groceries,9.98
11/29/17,Groceries,5.00
11/26/17,Groceries,40.03
11/25/17,booze & red wine,28.00
11/20/17,Groceries,14.50
11/19/17,Groceries,22.72
11/15/17,Groceries,19.02
11/14/17,Groceries,3.34
11/14/17,Groceries,37.47
11/13/17,Groceries,19.34
11/9/17,Groceries,6.13
11/5/17,Groceries,21.67
11/5/17,Coffee and tip,4.36
11/4/17,Groceries,4.99
11/4/17,lunch out,5.44
11/2/17,Groceries,42.23
11/2/17,lunch out,15.39
12/30/17,Groceries,34.83
12/30/17,Groceries,6.93
12/30/17,dinner out,30.35
12/27/17,Groceries,8.68
12/27/17,dinner out,20.00
12/23/17,Groceries,3.00
12/20/17,Groceries,27.75
12/16/17,Groceries,1.20
12/13/17,Groceries,42.00
12/12/17,Groceries,1.99
12/12/17,Groceries,7.00
12/7/17,Groceries,16.96
12/6/17,Groceries,22.84
12/5/17,dinner out,25.00
12/4/17,Groceries,33.00
12/4/17,Groceries,8.00
12/4/17,Groceries,8.71
12/2/17,lunch out,31.36
12/1/17,Snack out,5.71
1/29/18,lunch out,25.00
1/28/18,Groceries,34.00
1/25/18,Groceries,60.78
1/22/18,Groceries,22.01
1/20/18,Groceries,3.46
1/18/18,Groceries,25.82
1/14/18,Groceries,3.89
1/13/18,Groceries,20.17
1/9/18,Groceries,22.24
1/7/18,Groceries,22.94
1/5/18,lunch out,6.51
1/3/18,Groceries,36.97
1/2/18,Groceries,28.52
1/1/18,Groceries,5.91
2/27/18,Groceries,9.76
2/27/18,lunch out,39.00
2/27/18,breakfast,9.52
2/25/18,dinner out,14.70
2/24/18,Coffee and tip,5.75
2/23/18,Groceries,15.00
2/23/18,Groceries,22.92
2/22/18,lunch out,19.68
2/22/18,Groceries,12.96
2/21/18,lunch out,10.75
2/21/18,Groceries,12.05
2/20/18,breakfast,7.28
2/20/18,Groceries,13.55
2/14/18,Groceries,26.15
2/12/18,Groceries,5.80
2/11/18,lunch out,7.03
2/11/18,dinner out,30.00
2/10/18,lunch out,8.67
2/10/18,Groceries,19.98
2/10/18,dinner out,60.00
2/8/18,breakfast,4.67
2/7/18,Groceries,24.20
2/5/18,lunch out,4.60
2/4/18,Groceries,24.21
2/2/18,Groceries,26.66
2/2/18,lunch out,6.51
2/1/18,Groceries,46.45
3/31/18,Groceries,26.41
3/30/18,lunch out,10.50
3/29/18,Groceries,16.41
3/25/18,Groceries,11.00
3/24/18,Groceries,17.73
3/24/18,Groceries,8.00
3/23/18,Groceries,28.91
3/19/18,lunch out,6.00
3/18/18,Groceries,8.00
3/17/18,Groceries,34.89
3/14/18,lunch out,5.32
3/14/18,lunch out,11.97
3/12/18,lunch out,4.00
3/11/18,Groceries,29.03
3/10/18,Groceries,41.38
3/9/18,Snack out,8.00
3/9/18,Groceries,50.04
3/9/18,Groceries,7.50
3/6/18,Groceries,34.91
3/5/18,dinner out,41.57
3/4/18,Groceries,2.59
3/3/18,dinner out,36.00
3/1/18,dinner out,25.00
3/1/18,Groceries,33.58
4/29/18,Groceries,35.09
4/25/18,breakfast,5.02
4/25/18,Groceries,22.94
4/22/18,Groceries,24.43
4/20/18,Snack out,6.00
4/19/18,lunch out,11.97
4/19/18,Snack out,5.43
4/17/18,Groceries,37.37
4/17/18,breakfast,4.34
4/13/18,lunch out,13.04
4/12/18,lunch out,12.00
4/11/18,lunch out,7.00
4/11/18,lunch out,13.00
4/10/18,lunch out,14.14
4/7/18,Groceries,22.27
4/6/18,Snack out,4.24
4/6/18,Groceries,3.50
4/2/18,Groceries,17.75
5/31/18,Coffee and tip,4.90
5/30/18,Snack out,6.00
5/30/18,lunch out,4.34
5/29/18,Snack out,4.34
5/28/18,Groceries,9.23
5/28/18,Groceries,70.73
5/27/18,Groceries,15.00
5/25/18,Snack out,4.34
5/25/18,lunch out,8.91
5/24/18,Snack out,4.34
5/23/18,Groceries,34.87
5/23/18,lunch out,14.15
5/22/18,lunch out,10.87
5/22/18,Snack out,4.34
5/18/18,lunch out,11.97
5/18/18,Snack out,6.50
5/17/18,lunch out,7.61
5/13/18,Groceries,9.63
5/13/18,Groceries,25.85
5/12/18,Groceries,21.45
5/12/18,Groceries,3.49
5/12/18,lunch out,15.23
5/11/18,Snack out,4.34
5/10/18,lunch out,11.42
5/10/18,Snack out,4.34
5/9/18,Groceries,22.48
5/8/18,lunch out,6.52
5/7/18,lunch out,12.51
5/7/18,Groceries,15.28
5/5/18,Groceries,28.65
6/28/18,Groceries,70.73
6/26/18,Groceries,136.10
6/20/18,Groceries,87.85
6/20/18,Groceries,40.00
6/15/18,Groceries,29.58
6/14/18,lunch out,20.00
6/13/18,Groceries,36.03
6/12/18,Groceries,26.00
6/12/18,dinner out,25.00
6/11/18,Groceries,12.00
6/10/18,Groceries,22.35
6/9/18,Snack out,3.79
6/5/18,Groceries,40.00
6/5/18,Snack out,1.98
6/5/18,lunch out,30.00
6/4/18,Groceries,1.28
6/2/18,dinner out,28.50
6/1/18,lunch out,13.05
7/30/18,lunch out,27.68
7/30/18,Snack out,6.00
7/29/18,Brunch,15.05
7/26/18,dinner out,65.00
7/25/18,Groceries,30.13
7/24/18,Groceries,8.74
7/22/18,Groceries,26.34
7/21/18,Snack out,2.77
7/12/18,Groceries,50.48
7/11/18,Snack out,4.34
7/9/18,Groceries,38.14
7/8/18,Groceries,0.96
7/8/18,lunch out,22.42
7/7/18,Groceries,21.94
7/6/18,Groceries,12.08
7/6/18,Groceries,12.92
7/5/18,Snack out,21.77
7/4/18,Groceries,14.83
7/4/18,Groceries,12.50
7/4/18,Groceries,14.95
7/3/18,Snack out,1.00
7/2/18,Groceries,4.57
8/31/18,Groceries,8.97
8/30/18,Groceries,22.07
8/29/18,Groceries,7.00
8/26/18,Groceries,21.53
8/25/18,Groceries,28.41
8/25/18,Groceries,2.50
8/24/18,lunch out,9.14
8/24/18,breakfast,42.42
8/23/18,Snack out,3.45
8/20/18,Groceries,9.84
8/20/18,lunch out,37.37
8/20/18,Groceries,9.84
8/20/18,Groceries,13.00
8/19/18,breakfast,22.34
8/16/18,Groceries,33.09
8/16/18,dinner out,22.27
8/16/18,Snack out,5.43
8/16/18,lunch out,19.47
8/15/18,dinner out,8.98
8/13/18,Groceries,25.48
8/9/18,Groceries,33.17
8/4/18,Snack out,2.20
8/4/18,breakfast,12.76
8/3/18,Snack out,8.06
8/3/18,Snack out,4.00
8/1/18,Coffee and tip,4.50
8/1/18,Groceries,127.92
9/26/18,Groceries,21.66
9/26/18,Groceries,15.99
9/23/18,Groceries,34.98
9/22/18,Groceries,37.54
9/20/18,Groceries,13.32
9/19/18,Groceries,4.00
9/18/18,Coffee and tip,15.03
9/17/18,Groceries,14.07
9/16/18,Groceries,6.69
9/13/18,Groceries,19.20
9/13/18,Groceries,6.08
9/11/18,lunch out,28.00
9/11/18,Groceries,7.99
9/5/18,Groceries,44.35
9/3/18,Groceries,11.15
10/29/18,Groceries,60.65
10/29/18,Groceries,22.74
10/26/18,Snack out,10.79
10/24/18,Groceries,17.05
10/24/18,Snack out,15.51
10/20/18,Groceries,32.35
10/19/18,lunch out,6.51
10/19/18,Groceries,7.82
10/17/18,Groceries,32.12
10/16/18,Groceries,24.14
10/15/18,Groceries,8.11
10/6/18,Groceries,42.28
10/5/18,Groceries,15.95
10/4/18,Groceries,15.59
10/3/18,dinner out,6.85
10/3/18,Groceries,19.80
10/1/18,dinner out,20.00
10/1/18,Groceries,17.94
11/28/18,Groceries,14.04
11/28/18,Groceries,15.59
11/27/18,Groceries,3.34
11/24/18,Groceries,14.98
11/21/18,Groceries,38.42
11/20/18,Groceries,27.61
11/15/18,lunch out,11.00
11/14/18,Groceries,7.99
11/13/18,dinner out,15.51
11/10/18,dinner out,59.45
11/7/18,Groceries,20.00
11/5/18,Groceries,15.73
11/2/18,Groceries,43.71
11/1/18,Groceries,12.25
12/29/18,dinner out,9.13
12/28/18,Snack out,5.00
12/27/18,lunch out,15.00
12/26/18,dinner out,40.00
12/24/18,Groceries,10.77
12/23/18,dinner out,20.00
12/19/18,dinner out,17.31
12/18/18,Groceries,10.86
12/17/18,dinner out,14.07
12/14/18,Groceries,19.67
12/13/18,lunch out,11.41
12/11/18,Groceries,9.87
12/9/18,Groceries,17.21
12/8/18,Groceries,8.00
12/8/18,dinner out,13.01
12/8/18,Groceries,6.99
12/7/18,Groceries,44.00
12/4/18,Groceries,17.93
